{"cameraMode":{"drawMode":0,"name":"Shaded","section":"Shading Mode"},"sceneLighting":true,"audioPlay":false,"sceneViewState":{"showFog":true,"showMaterialUpdate":false,"showSkybox":true,"showFlares":true,"showImageEffects":true,"showParticleSystems":true},"in2DMode":false,"pivot":{"x":-11.878904342651368,"y":6.496686935424805,"z":-1.779567837715149},"rotation":{"x":-0.2818768322467804,"y":-0.0909997746348381,"z":0.02690313383936882,"w":-0.9547464847564697},"size":61.17790985107422,"orthographic":false}